"99","Unit 1 Hello!"
"100","Unit 2 Mummy and Daddy"
"101","Unit 3 I'm Lingling"
"102","Unit 4 Clap Your Hands"
"103","Unit 5 One, Two!"
"104","Unit 6 Face and Eyes"
"105","Unit 7 Hello, Mummy"
"106","Unit 8 Little and Big"
"107","Unit 9 Good Night"
"108","Unit 10 I See a Dog"
"109","Unit 11 Jump, Little Rabbit"
"110","Unit 12 Chinese New Year"
"111","Unit 13 At School"
"112","Unit 14 This Is My Crayon"
"113","Unit 15 It's Red. It's Blue"
"114","Unit 16 Apples and Bananas"
"115","Unit 17 It's Yellow"
"116","Unit 18 Three Pears"
"117","Unit 19 Happy Mother's Day "
"118","Unit 20 Let's Play"
"119","Unit 21 One, Two, Three... Go!"
"120","Unit 22 A Puppet, Please"
"121","Unit 23 Can I Play?"
"122","Unit 24 Let's Tidy Up"
"123","Unit 1 Hello!"
"124","Unit 2 How Are You?"
"125","Unit 3 Girls and Boys"
"126","Unit 4 My Face"
"127","Unit 5 I'm Happy"
"128","Unit 6 Wiggle Your Fingers"
"129","Unit 7 Morning Routines"
"130","Unit 8 Get Dressed"
"131","Unit 9 It's Christmas"
"132","Unit 10 Animals"
"133","Unit 11 It's Brown"
"134","Unit 12 What Can a Fish Do?"
"135","Unit 13 Pass the Pencil"
"136","Unit 14 Counting"
"137","Unit 15 Your Turn"
"138","Unit 16 Stir the Soup"
"139","Unit 17 I'm Thirsty"
"140","Unit 18 Green Bananas"
"141","Unit 19 Happy Birthday！"
"142","Unit 20 Happy Farther's Day！"
"143","Unit 21 It's Hot"
"144","Unit 22 Toys"
"145","Unit 23 Seesaw"
"146","Unit 24 What Can You Do?"
"147","Unit 1 What's Your Name?"
"148","Unit 2 How Do You Feel?"
"149","Unit 3 The Moon Festival"
"150","Unit 4 Look at Me!"
"151","Unit 5 What's Wrong?"
"152","Unit 6 Brush Your Teeth!"
"153","Unit 7 Grandma and Grandpa"
"154","Unit 8 You Look Very Nice"
"155","Unit 9 Purple Glasses"
"156","Unit 10 Farm Animals"
"157","Unit 11 A Pink Pig"
"158","Unit 12 Jumping and Dancing"
"159","Unit 13 Point to the Window"
"160","Unit 14 Circle, Square, Triangle"
"161","Unit 15 In the Kitchen"
"162","Unit 16 Yummy!"
"163","Unit 17 Please Pass the Plate"
"164","Unit 18 My Favourite Food"
"165","Unit 19 What Can You Hear?"
"166","Unit 20 Children's Day"
"167","Unit 21 The Weather"
"168","Unit 22 Puzzles"
"169","Unit 23 We Make Toys"
"170","Unit 24 We Can Play"
